{"total_chunks": 2, "idf": {"doubt": 0.6931471805599453, "board": 0.6931471805599453, "skills": 0.6931471805599453, "neet": 0.1823215567939546, "curriculum": 0.6931471805599453, "weekly": 0.1823215567939546, "established": 0.6931471805599453, "syllabus": 0.6931471805599453, "mentored": 0.6931471805599453, "full": 0.6931471805599453, "develop": 0.6931471805599453, "benefits": 0.6931471805599453, "completion": 0.6931471805599453, "strategy": 0.6931471805599453, "science": 0.6931471805599453, "gives": 0.6931471805599453, "known": 0.6931471805599453, "entry": 0.6931471805599453, "features": 0.1823215567939546, "methodology": 0.6931471805599453, "length": 0.6931471805599453, "diagnostic": 0.1823215567939546, "refinement": 0.6931471805599453, "re": 0.6931471805599453, "icse": 0.6931471805599453, "tracking": 0.1823215567939546, "types": 0.6931471805599453, "early": 0.6931471805599453, "year": 0.6931471805599453, "area": 0.6931471805599453, "academic": 0.1823215567939546, "problem": 0.6931471805599453, "younger": 0.6931471805599453, "readiness": 0.6931471805599453, "following": 0.6931471805599453, "assessments": 0.6931471805599453, "attempting": 0.6931471805599453, "initial": 0.6931471805599453, "level": 0.1823215567939546, "programs": 0.6931471805599453, "strong": 0.6931471805599453, "reports": 0.1823215567939546, "build": 0.6931471805599453, "scores": 0.6931471805599453, "physics": 0.6931471805599453, "focuses": 0.1823215567939546, "approach": 0.6931471805599453, "analytics": 0.1823215567939546, "planning": 0.6931471805599453, "ncert": 0.6931471805599453, "competitive": 0.6931471805599453, "disciplined": 0.6931471805599453, "areas": 0.1823215567939546, "class": 0.6931471805599453, "consistent": 0.6931471805599453, "emphasis": 0.6931471805599453, "purpose": 0.6931471805599453, "identify": 0.6931471805599453, "correction": 0.6931471805599453, "driven": 0.6931471805599453, "student": 0.1823215567939546, "performance": 0.1823215567939546, "gap": 0.6931471805599453, "courses": 0.6931471805599453, "concept": 0.1823215567939546, "mock": 0.6931471805599453, "15": 0.1823215567939546, "batch": 0.1823215567939546, "testing": 0.1823215567939546, "20": 0.1823215567939546, "600": 0.6931471805599453, "attention": 0.1823215567939546, "maintains": 0.6931471805599453, "foundation": 0.6931471805599453, "point": 0.6931471805599453, "helps": 0.6931471805599453, "support": 0.1823215567939546, "10": 0.6931471805599453, "parent": 0.1823215567939546, "boards": 0.6931471805599453, "evaluation": 0.1823215567939546, "focus": 0.1823215567939546, "program": 0.1823215567939546, "clarity": 0.1823215567939546, "small": 0.1823215567939546, "chemistry": 0.6931471805599453, "teaching": 0.6931471805599453, "systems": 0.6931471805599453, "offers": 0.6931471805599453, "tests": 0.1823215567939546, "repeaters": 0.6931471805599453, "focused": 0.6931471805599453, "chennai": 0.1823215567939546, "center": 0.6931471805599453, "development": 0.6931471805599453, "regular": 0.1823215567939546, "500": 0.6931471805599453, "supported": 0.6931471805599453, "questions": 0.1823215567939546, "exams": 0.1823215567939546, "chapter": 0.6931471805599453, "analytical": 0.6931471805599453, "advantage": 0.6931471805599453, "base": 0.6931471805599453, "wise": 0.6931471805599453, "reporting": 0.6931471805599453, "thinking": 0.6931471805599453, "designed": 0.6931471805599453, "data": 0.6931471805599453, "mentoring": 0.1823215567939546, "prepare": 0.6931471805599453, "better": 0.1823215567939546, "rag": 0.6931471805599453, "basics": 0.6931471805599453, "ark": 0.1823215567939546, "score": 0.1823215567939546, "intensive": 0.6931471805599453, "12": 0.1823215567939546, "monthly": 0.1823215567939546, "premier": 0.6931471805599453, "previous": 0.6931471805599453, "state": 0.6931471805599453, "biology": 0.6931471805599453, "track": 0.1823215567939546, "knowledge": 0.6931471805599453, "tuition": 0.1823215567939546, "classes": 0.1823215567939546, "structure": 0.6931471805599453, "assessment": 0.1823215567939546, "objectives": 0.6931471805599453, "revision": 0.6931471805599453, "11": 0.6931471805599453, "school": 0.6931471805599453, "key": 0.1823215567939546, "primary": 0.6931471805599453, "improvement": 0.1823215567939546, "planned": 0.6931471805599453, "multiple": 0.6931471805599453, "2015": 0.6931471805599453, "solving": 0.6931471805599453, "analysis": 0.1823215567939546, "weak": 0.1823215567939546, "arena": 0.1823215567939546, "basic": 0.6931471805599453, "personalized": 0.1823215567939546, "ada": 0.1823215567939546, "size": 0.1823215567939546, "provides": 0.1823215567939546, "cbse": 0.6931471805599453, "layer": 0.6931471805599453, "mathematics": 0.6931471805599453, "preparation": 0.6931471805599453, "clarification": 0.6931471805599453, "structured": 0.1823215567939546, "progress": 0.1823215567939546, "offered": 0.6931471805599453, "coaching": 0.1823215567939546, "integration": 0.6931471805599453, "sessions": 0.1823215567939546, "individual": 0.6931471805599453, "attendance": 0.1823215567939546, "improve": 0.6931471805599453, "pillar": 0.6931471805599453, "application": 0.1823215567939546, "remedial": 0.1823215567939546, "students": 0.1823215567939546, "system": 0.1823215567939546, "sizes": 0.6931471805599453, "institute": 0.1823215567939546, "training": 0.6931471805599453, "follows": 0.1823215567939546, "test": 0.1823215567939546, "based": 0.1823215567939546, "need": 0.6931471805599453, "foundational": 0.6931471805599453, "conducts": 0.6931471805599453, "nestlings": 0.6931471805599453, "learning": 0.1823215567939546, "exam": 0.6931471805599453, "email": 0.6931471805599453, "whatsapp": 0.6931471805599453, "line": 0.6931471805599453, "session": 0.6931471805599453, "makes": 0.6931471805599453, "different": 0.6931471805599453, "concepts": 0.6931471805599453, "transparency": 0.6931471805599453, "weaknesses": 0.6931471805599453, "frequently": 0.6931471805599453, "strengths": 0.6931471805599453, "76393": 0.6931471805599453, "accessible": 0.6931471805599453, "contact": 0.6931471805599453, "select": 0.6931471805599453, "receive": 0.6931471805599453, "ensures": 0.6931471805599453, "identifies": 0.6931471805599453, "website": 0.6931471805599453, "mount": 0.6931471805599453, "14": 0.6931471805599453, "process": 0.6931471805599453, "recommendation": 0.6931471805599453, "centers": 0.6931471805599453, "easily": 0.6931471805599453, "location": 0.6931471805599453, "provide": 0.6931471805599453, "132": 0.6931471805599453, "13": 0.6931471805599453, "yes": 0.6931471805599453, "info": 0.6931471805599453, "com": 0.6931471805599453, "st": 0.6931471805599453, "faq": 0.6931471805599453, "asked": 0.6931471805599453, "counselling": 0.6931471805599453, "discipline": 0.6931471805599453, "600016": 0.6931471805599453, "updates": 0.6931471805599453, "start": 0.6931471805599453, "instead": 0.6931471805599453, "located": 0.6931471805599453, "current": 0.6931471805599453, "book": 0.6931471805599453, "methods": 0.6931471805599453, "phone": 0.6931471805599453, "details": 0.6931471805599453, "thomas": 0.6931471805599453, "free": 0.6931471805599453, "plan": 0.6931471805599453, "99217": 0.6931471805599453, "steps": 0.6931471805599453, "17": 0.6931471805599453, "16": 0.6931471805599453, "highlights": 0.6931471805599453, "tuitionwithark": 0.6931471805599453, "registration": 0.6931471805599453, "memorization": 0.6931471805599453, "communication": 0.6931471805599453, "bazar": 0.6931471805599453, "ramapuram": 0.6931471805599453, "complete": 0.6931471805599453, "major": 0.6931471805599453, "attend": 0.6931471805599453, "91": 0.6931471805599453, "demo": 0.6931471805599453, "admission": 0.6931471805599453, "guidance": 0.6931471805599453}, "chunks": [{"id": 0,